idCustomer,FirstName,LastName,Gender,Age,City,Phone,Email
1,Tony,Walls,Male,23,North Emilyton,786.426.8037,hughesdavid@example.net
2,Jeanette,Johnson,Female,65,West Joseberg,504-218-3736x12820,hclark@example.com
3,Amber,Parker,Female,71,North Emilyton,627-281-5439x5318,charles25@example.com
4,Justin,Garcia,Female,61,Gilberthaven,977-567-2625,mark47@example.com
5,William,Morales,Male,74,South Angelicaport,9028680969,joshuahall@example.net
6,Nathaniel,Martinez,Female,41,Brianborough,+1-402-839-5103,egardner@example.org
7,Jeffery,Williams,Male,76,Brianborough,001-744-649-6608x5544,chaddominguez@example.org
8,Lindsey,Jones,Female,22,North Melissaside,(622)912-0042x0106,hamiltondaniel@example.org
9,Stacey,Thomas,Male,65,North Emilyton,485.744.2766x65423,nmurphy@example.org
10,Stephen,Brown,Female,26,New David,(312)590-0414x707,bowensteven@example.net
11,Ashley,Lawrence,Male,58,New Reneeport,001-790-675-6223x7554,annmurphy@example.net
12,Nicole,White,Female,54,South Angelicaport,997-449-2819,johnsonsara@example.org
13,Jeffrey,Jones,Male,39,North Melissaside,745.498.0671x3541,stephanieholder@example.org
14,Christopher,Ellis,Male,48,New Reneeport,233.354.1394x087,taylorrobert@example.com
15,Margaret,Hickman,Male,65,West Joseberg,8695568891,troy90@example.com
16,Lisa,Arellano,Female,37,West Joseberg,5639424544,ewerner@example.com
17,Donald,Quinn,Male,36,New David,935.969.0479,hesstammy@example.com
18,Timothy,Hayes,Female,67,New David,001-672-924-2442x956,tammiepearson@example.com
19,Michael,David,Male,42,New Reneeport,949-881-3316,michelevega@example.org
20,Troy,Carpenter,Male,35,New Reneeport,(783)522-7359,larrymiller@example.com
21,Adam,Stanton,Female,76,Gilberthaven,223.776.3632x3844,luis51@example.org
22,Bethany,Griffin,Female,58,New Reneeport,001-408-835-1592x629,sarahjuarez@example.org
23,Sherri,Williams,Male,71,North Melissaside,2717352126,danielbanks@example.net
24,Harold,Villegas,Female,44,West Joseberg,683.245.1756,scottbrown@example.net
25,George,Briggs,Female,55,Brianborough,4685136547,obaldwin@example.org
26,Joanne,Young,Female,57,Gilberthaven,629-816-0113,michael64@example.com
27,Marcus,Kidd,Female,30,South Angelicaport,7342782413,jonesjessica@example.com
28,Janet,Kim,Female,76,Port Denise,2949818972,jacobbell@example.org
29,Ruth,Smith,Male,76,Brianborough,(260)575-1739x87268,samuel26@example.org
30,Kelsey,Reese,Male,35,Galvanstad,8964657818,amanda92@example.org
31,Jeffrey,Ortiz,Female,46,Gilberthaven,857.446.1505x24806,mreynolds@example.org
32,Jerry,Salas,Female,38,North Emilyton,206-488-6327x19803,parkssean@example.org
33,Vanessa,Fischer,Female,48,Brianborough,001-219-220-3266x096,qray@example.org
34,Michelle,Johnson,Male,54,Gilberthaven,+1-278-980-3483x67046,syoung@example.net
35,Marcus,Smith,Female,80,Galvanstad,318.367.8526x6262,kanealexandra@example.org
36,William,Burns,Female,34,New Reneeport,(887)586-4357x382,ryan63@example.net
37,Michael,Morrison,Female,28,Gilberthaven,001-284-271-1963,austin09@example.com
38,Heather,Sampson,Female,76,New Reneeport,(740)748-4612x2398,lauraruiz@example.org
39,John,Parsons,Male,26,North Emilyton,464.549.0218,tdorsey@example.com
40,William,White,Male,53,Galvanstad,(847)292-6564x5391,timothymorton@example.com
41,Amanda,Martinez,Male,42,Gilberthaven,(520)570-3382,kramsey@example.org
42,John,Scott,Male,68,North Emilyton,481-935-6129,nrobinson@example.org
43,Sharon,Wilson,Male,29,West Joseberg,780.234.9105x69388,kimberly96@example.com
44,Katherine,Perkins,Female,56,North Emilyton,656-888-7611x5637,carlfisher@example.net
45,Marcus,Jones,Female,34,Galvanstad,990-438-6928x31158,rharrison@example.org
46,Victoria,Wallace,Male,23,North Melissaside,001-486-501-5381x7742,schmidtdenise@example.com
47,Brenda,Brooks,Male,22,West Joseberg,+1-655-721-8981x47555,debragomez@example.net
48,Kim,Lopez,Male,42,New David,884-751-4594x7153,zhuynh@example.com
49,Scott,Gaines,Female,35,New David,001-805-927-2035x104,taylor92@example.com
50,Mary,Jensen,Male,76,Galvanstad,(359)338-2557x76593,gregory01@example.net
51,Charles,Flores,Female,51,Gilberthaven,741-839-6911,samanthabrown@example.net
52,Mary,Anderson,Female,54,North Emilyton,001-631-804-4909x5775,cheyenne95@example.com
53,David,Dean,Female,30,Port Denise,(454)740-6275x43017,james38@example.org
54,Dana,Rodriguez,Female,44,Gilberthaven,+1-734-717-4503x61310,michaellittle@example.com
55,Spencer,Evans,Female,43,Galvanstad,(800)281-4680,mary75@example.net
56,Nathaniel,Williams,Male,30,North Emilyton,(587)612-1019x89973,daniel75@example.net
57,Dana,Taylor,Female,51,Gilberthaven,550-575-7205x971,angela06@example.org
58,Stephanie,Lara,Male,76,New Reneeport,260.807.2801x10248,courtneyluna@example.org
59,Lisa,Gonzales,Male,69,Port Denise,+1-376-992-9000x925,smithgina@example.net
60,Dawn,Herrera,Male,50,New David,001-649-523-5375x47228,ucook@example.com
61,Evan,Martin,Male,22,Gilberthaven,+1-378-729-0359x391,kristi78@example.com
62,Sarah,Mason,Female,36,New Reneeport,001-714-581-2877x2145,william84@example.net
63,Kelli,Willis,Female,43,New David,+1-596-286-2316x6032,eric19@example.com
64,Margaret,Lee,Female,19,North Emilyton,+1-539-798-9689x048,wparker@example.org
65,Carolyn,Mcguire,Male,30,Galvanstad,943.418.7384,opowell@example.org
66,Wendy,Jones,Female,42,Brianborough,(540)407-2703x1390,amy45@example.net
67,Karl,Dixon,Female,23,New Reneeport,001-722-579-7609,beckchristina@example.org
68,Jennifer,Davis,Female,21,North Emilyton,979.405.5380,tinahenderson@example.com
69,Stefanie,Vaughn,Female,31,South Angelicaport,+1-239-710-5692x8673,billy90@example.net
70,Michelle,Mendoza,Male,71,Port Denise,001-311-649-5154x91434,arogers@example.com
71,Chelsea,Myers,Female,24,Brianborough,001-970-456-0687x2473,anagoodman@example.org
72,Jackson,Velasquez,Female,25,New Reneeport,(552)432-6114,michaelkey@example.org
73,Timothy,Carr,Female,23,South Angelicaport,001-963-689-5960,daviddavis@example.org
74,Jacqueline,Little,Female,41,Port Denise,(243)269-0316x7508,justinmoore@example.com
75,Elizabeth,Shelton,Female,60,South Angelicaport,(327)321-6909x9461,archerjoseph@example.net
76,Jamie,Curtis,Female,76,Brianborough,598.464.4747x33537,carolyn34@example.com
77,Jeffrey,Sims,Female,20,South Angelicaport,353-509-2015x728,grace30@example.net
78,Yolanda,Mitchell,Female,58,North Emilyton,945-763-5213,paigemichael@example.com
79,Alexis,Yates,Male,47,North Emilyton,803.781.5899x154,chill@example.com
80,Jasmin,Strong,Female,52,Galvanstad,928-972-2985x478,robinsonamanda@example.com
81,Jennifer,Wright,Female,55,South Angelicaport,+1-532-284-3277x1864,wfreeman@example.org
82,Donna,Taylor,Male,20,Galvanstad,+1-637-333-1369x954,harrisandrea@example.net
83,Chris,Lambert,Male,19,North Melissaside,301.997.5338x1032,cmiller@example.com
84,Kelsey,Allen,Male,25,Gilberthaven,221-623-0646x25537,andrewfarmer@example.com
85,Doris,Sims,Male,77,Port Denise,604.222.4409x5307,riosjennifer@example.com
86,Damon,Peterson,Male,27,Galvanstad,+1-424-277-1632x073,masonellen@example.org
87,Dawn,Castro,Male,45,Gilberthaven,+1-216-223-3383,james92@example.com
88,John,Roberts,Female,35,South Angelicaport,(219)994-5138,nunezjessica@example.net
89,Tammy,Harris,Female,39,Brianborough,+1-739-624-3257x07544,brandon20@example.com
90,Ricky,Smith,Female,54,Port Denise,904-392-7896x02671,randall22@example.com
91,Christopher,Sanchez,Female,27,South Angelicaport,5397230405,nathanpalmer@example.com
92,Jeffrey,Jackson,Female,60,Gilberthaven,681.721.2083x5250,christophersolis@example.net
93,Jessica,Ford,Female,76,South Angelicaport,(945)721-3391,susanjackson@example.net
94,Taylor,Wheeler,Female,36,New Reneeport,752.904.6985x101,cliffordstanton@example.org
95,Dawn,Gibson,Male,60,New David,224-415-4659x6982,lucas64@example.com
96,Benjamin,Baxter,Female,33,Brianborough,(842)528-3587,sylviadavis@example.com
97,Claudia,Berg,Female,71,Brianborough,465-634-6774,tina18@example.net
98,Katelyn,Ramirez,Male,27,West Joseberg,(506)292-3577x2724,martinezdouglas@example.com
99,David,Bailey,Male,45,Brianborough,001-393-545-6134x4529,ujohnson@example.com
100,Holly,Torres,Male,80,New David,+1-412-885-1255x7596,vbrown@example.net
101,Mark,Pearson,Male,78,North Melissaside,946-595-0850x8812,rhodesdustin@example.org
102,Garrett,Leblanc,Male,70,North Emilyton,001-435-310-9829,ldonaldson@example.com
103,Danielle,Peterson,Female,52,North Melissaside,001-363-747-1885x7305,kathleen26@example.net
104,Brittany,Cardenas,Female,43,North Emilyton,001-777-224-0003x432,patricia36@example.net
105,Devin,Warren,Male,58,North Melissaside,+1-841-776-8952,lesliecampbell@example.org
106,Jennifer,Delgado,Female,35,Gilberthaven,598.368.2922x74703,andrew58@example.net
107,Rebecca,Gibson,Male,30,West Joseberg,+1-502-805-6842x597,eparker@example.org
108,Christopher,Riley,Male,57,West Joseberg,995-937-5693x847,samanthanorton@example.net
109,Julie,Baker,Female,63,Galvanstad,(786)990-6864x2591,amberschultz@example.org
110,Lisa,Frazier,Male,44,West Joseberg,(442)577-1128x12253,lneal@example.com
111,Amanda,Garcia,Male,32,Brianborough,396-708-6772,katherinemorrison@example.com
112,Elizabeth,Powell,Male,48,Galvanstad,674.677.3446x26948,hsmith@example.org
113,Jane,Richardson,Female,28,South Angelicaport,001-753-329-9079x8716,pamela88@example.org
114,Justin,Li,Male,62,Port Denise,001-952-403-8675,rebecca44@example.com
115,Valerie,Jones,Male,57,Galvanstad,2129345851,ekelly@example.net
116,Sharon,Mccoy,Male,39,South Angelicaport,001-388-445-3624x5199,jordanbrittany@example.org
117,Mark,Thompson,Female,63,West Joseberg,464.978.6821,hlopez@example.net
118,Jeffery,Coffey,Male,67,North Emilyton,+1-390-958-9270,riostyler@example.net
119,Adam,Taylor,Female,49,Gilberthaven,789-400-7091x5379,alexandermccall@example.net
120,Ryan,Clark,Male,64,North Emilyton,+1-987-227-3017x7536,robert22@example.org
121,James,Beltran,Female,38,South Angelicaport,(706)946-5022x5230,debra71@example.org
122,Patricia,Graves,Female,54,Port Denise,588-886-9797,thomas79@example.org
123,Catherine,Schultz,Male,57,New David,797.330.8085x628,ginaalvarado@example.net
124,Bryan,Fisher,Female,40,South Angelicaport,433.508.5796,david61@example.org
125,Charles,Mann,Male,61,Gilberthaven,399.328.4458x507,nancyruiz@example.org
126,Holly,George,Female,49,Port Denise,343-654-2886x60883,corydougherty@example.net
127,Vanessa,Lee,Male,78,Galvanstad,(460)569-1796,ecummings@example.org
128,Maria,Long,Male,31,New David,3252674949,parkerdorothy@example.com
129,Aaron,Martin,Male,79,New David,(487)694-0922,sonyajohnson@example.com
130,Joseph,Howard,Female,19,Gilberthaven,978-870-3855x29862,dwaynehall@example.org
131,Teresa,Martinez,Female,49,North Melissaside,(682)912-9135,nsmith@example.net
132,Matthew,Griffin,Male,33,Galvanstad,+1-297-787-3713x0477,johnjones@example.net
133,Amber,Cummings,Male,33,Galvanstad,205.504.6996,andrewwilliams@example.org
134,Denise,Williams,Male,67,New David,8395705519,michellegarcia@example.org
135,Michaela,Carpenter,Female,68,New Reneeport,3007186702,vtran@example.net
136,Mark,Garrison,Female,44,West Joseberg,(780)328-4009,brownsusan@example.net
137,Cynthia,Roberts,Female,18,South Angelicaport,956.527.9372x384,dgonzalez@example.com
138,Matthew,Lara,Female,27,Galvanstad,+1-608-804-6468x58992,cynthia46@example.net
139,Charles,Harmon,Female,34,Port Denise,630-515-6238,ruth03@example.com
140,Mercedes,Allen,Male,32,Gilberthaven,+1-589-685-9333x8440,frankmcconnell@example.org
141,Kimberly,Russell,Male,20,North Emilyton,(577)802-7755x00097,jessicaking@example.org
142,Emily,Griffith,Female,31,South Angelicaport,+1-661-434-3418,michaelmoore@example.org
143,Deborah,Lewis,Female,47,New David,5789489011,smithduane@example.org
144,Gregory,Calderon,Male,40,New David,289.532.6715x36289,wperry@example.org
145,Sara,Mccoy,Female,29,Brianborough,551-575-1659,daniel07@example.net
146,Bobby,Morgan,Male,19,North Emilyton,320.484.5983,christopherking@example.org
147,Keith,Jacobson,Female,63,Port Denise,8443836997,roseamy@example.com
148,Corey,Hughes,Male,27,New David,412-834-2835x619,lisa27@example.net
149,Sean,Patterson,Female,37,New David,658.336.9860x6871,boothcheyenne@example.com
150,Jerry,Sanchez,Female,76,New Reneeport,348-606-9372,kyle71@example.org
151,Daisy,Flores,Female,43,Gilberthaven,+1-687-591-1366x318,lindajohnson@example.com
152,Autumn,Lynn,Male,42,Gilberthaven,+1-302-858-6581,williamsadam@example.com
153,Brandy,Herrera,Female,67,New Reneeport,(500)918-1085x7086,lauracarson@example.org
154,Nicole,Phillips,Female,59,Brianborough,+1-450-862-4638,cindyguzman@example.org
155,Ray,Wilkerson,Male,49,Brianborough,6424427923,smeyers@example.com
156,Justin,Baker,Male,80,New Reneeport,821-970-1821x1528,patriciajones@example.org
157,Janet,Swanson,Female,67,Galvanstad,275.409.0910x5379,bakerjodi@example.org
158,Richard,Newman,Male,26,Brianborough,001-843-464-0287x2825,pachecojoanna@example.com
159,Carly,Macdonald,Female,53,New David,+1-764-303-8921x9505,wilsonkathy@example.net
160,Alex,Reid,Male,80,South Angelicaport,(401)365-6154x73132,zpatel@example.com
161,Steven,Kelly,Male,58,West Joseberg,(265)411-8705,plawrence@example.com
162,Matthew,Jones,Female,72,Port Denise,(435)226-6542,xhenry@example.com
163,James,Morris,Male,46,West Joseberg,001-510-267-7071x75775,agarcia@example.org
164,Tony,Harvey,Female,45,West Joseberg,001-596-639-0537x92194,orangel@example.com
165,Raymond,Bennett,Male,58,New David,332-606-7773x59716,barbara53@example.net
166,Teresa,Leblanc,Female,75,New David,001-287-607-1321,carriefoster@example.net
167,Cody,Thomas,Female,21,Port Denise,(247)981-5451x3638,melissa56@example.com
168,James,Sanchez,Female,57,North Melissaside,+1-410-599-1851x7173,sbell@example.com
169,Roger,Bradshaw,Male,46,South Angelicaport,(378)649-4106,bpatterson@example.org
170,Stephanie,Mcclain,Female,78,Port Denise,7473558146,jamespope@example.org
171,Christopher,Lee,Female,33,South Angelicaport,(539)436-5213x48311,colleen46@example.org
172,Leslie,Craig,Female,75,North Emilyton,646.726.7436x94226,vwashington@example.org
173,Beth,Nguyen,Female,23,North Melissaside,464-343-4441x116,petercarpenter@example.com
174,Scott,Salazar,Male,60,Gilberthaven,613-675-2797,briananthony@example.org
175,Sherry,Lopez,Female,50,West Joseberg,500.338.7763,benjamin20@example.org
176,Allison,Price,Male,39,West Joseberg,+1-830-625-5729x8166,reynoldspeggy@example.net
177,Melissa,Nelson,Male,31,West Joseberg,6419137988,jennifer32@example.net
178,Pamela,Cook,Female,56,North Melissaside,001-987-308-4116x5325,christopherbridges@example.org
179,Cassandra,Nelson,Male,77,North Melissaside,414-338-1048x9866,collierjared@example.org
180,Shannon,Webb,Male,72,Gilberthaven,261-464-5644x3122,xbarrett@example.net
181,Andrew,Collins,Male,58,West Joseberg,247-259-5141,deborahblankenship@example.org
182,David,Bradley,Female,44,Brianborough,327.314.4123x002,dixondebra@example.org
183,John,Davis,Male,62,Galvanstad,001-541-205-6566x80191,jamesrobinson@example.org
184,Thomas,Holt,Male,48,Gilberthaven,870.949.0966,kevinrobertson@example.com
185,Michael,Waters,Male,47,South Angelicaport,+1-513-620-7043x7990,stephanieramos@example.com
186,Zachary,Wright,Female,52,Gilberthaven,+1-305-954-5545x12860,jmorales@example.org
187,Thomas,Boyd,Male,31,Port Denise,261.948.4879x0182,hoffmantina@example.org
188,Jose,Clark,Female,68,Gilberthaven,911.315.9300x96646,jessica44@example.com
189,Scott,Levy,Female,61,New Reneeport,+1-732-724-7934x9350,johnsonthomas@example.net
190,Matthew,Davenport,Male,79,New David,(919)288-6677x012,karen51@example.com
191,Charles,Burke,Female,56,South Angelicaport,717.894.0499x577,carlapatrick@example.net
192,Thomas,Harris,Female,19,New Reneeport,+1-649-407-7861x7165,reynoldsgina@example.org
193,Natalie,Martin,Male,43,Gilberthaven,(396)672-3086,kaylakelley@example.org
194,William,Obrien,Male,40,New David,+1-233-809-1121,jeremy55@example.com
195,James,Hawkins,Male,40,South Angelicaport,(660)691-5641,michael61@example.org
196,Charles,Christensen,Female,44,Gilberthaven,797-634-8127x928,ahobbs@example.net
197,Mary,Flores,Male,31,Gilberthaven,+1-694-797-8211,donaldbennett@example.net
198,Ian,Cameron,Female,42,Gilberthaven,325-662-6933x1341,marilyn26@example.com
199,Lauren,Walker,Male,65,Gilberthaven,+1-675-828-1234x115,ucurry@example.net
200,Shawn,Tucker,Male,36,North Melissaside,9688585471,mallory28@example.org
201,Lorraine,Alvarez,Male,49,Galvanstad,001-606-890-5745x857,timothy35@example.org
202,Crystal,Monroe,Male,76,Port Denise,7824699456,leecolin@example.net
203,Monica,Curry,Female,21,New David,9294948171,amyrodriguez@example.com
204,Nancy,Davis,Female,56,Brianborough,634.856.2122,ymcmillan@example.net
205,Donna,Barnes,Female,37,West Joseberg,(801)621-9555x05172,millersabrina@example.net
206,Michelle,Richardson,Male,33,Brianborough,+1-281-730-4327x9887,pgonzalez@example.net
207,Thomas,Phillips,Female,79,New David,(686)211-8912,kimberlywilliams@example.net
208,Brittney,Parker,Female,30,North Melissaside,878-422-9082x621,sandra20@example.net
209,Teresa,Mcfarland,Female,41,New Reneeport,+1-633-485-6099x2386,williamssamuel@example.com
210,Elizabeth,Johnson,Female,24,New David,001-938-217-4027x79226,walkerkatie@example.com
211,Elizabeth,Brooks,Male,69,West Joseberg,+1-553-441-3090,susanjones@example.com
212,Kelly,Cruz,Female,41,New Reneeport,573-640-2266,rbrowning@example.net
213,Jason,Lyons,Male,49,Gilberthaven,4024290123,wvaughn@example.com
214,Kimberly,Weaver,Female,33,North Melissaside,945-384-3060x5273,reneewillis@example.net
215,Richard,Miller,Female,21,Port Denise,656.682.6413,youngdaniel@example.com
216,Kelly,Reed,Female,42,New Reneeport,(508)443-4914x1691,morenosierra@example.net
217,Nicole,Downs,Male,38,New Reneeport,001-575-840-9482x7916,ericamoore@example.com
218,Suzanne,Carpenter,Male,65,Port Denise,001-535-423-7307x83991,jason60@example.net
219,Bianca,Rowe,Male,47,Port Denise,(575)427-3642,christinapayne@example.org
220,Douglas,Vargas,Male,34,South Angelicaport,+1-530-779-7935,campbelldouglas@example.net
221,Shannon,Sweeney,Female,32,New David,+1-670-698-5398x3430,saragray@example.org
222,Anthony,Reynolds,Male,28,Galvanstad,(916)215-8682,nelsonelizabeth@example.org
223,Timothy,Jones,Female,61,Port Denise,001-319-989-4365,garrett22@example.net
224,Miguel,Novak,Female,79,Port Denise,001-403-964-9075x58006,nberger@example.net
225,Angela,Hampton,Male,31,New David,(467)716-8869,hartgeoffrey@example.org
226,Jason,Lawrence,Male,33,South Angelicaport,295-248-1338,romantara@example.com
227,Mackenzie,Torres,Female,80,New David,001-348-913-0211x77218,williamsmall@example.net
228,Toni,Barrett,Male,71,Brianborough,(999)657-7803,hernandezkenneth@example.org
229,Matthew,Stone,Male,49,Galvanstad,+1-336-434-8416,ortizvicki@example.com
230,Emily,Griffith,Male,19,New Reneeport,(772)660-8846x1169,hsullivan@example.net
231,Roberto,Holder,Female,53,North Emilyton,+1-338-888-2082x61430,darmstrong@example.com
232,Lori,Mckinney,Male,62,North Emilyton,3758684767,hudsontimothy@example.org
233,Danielle,Brock,Female,60,West Joseberg,307-208-7121x5293,jacobsonjoshua@example.net
234,Christopher,Elliott,Female,22,New David,(355)247-9669,garciajordan@example.net
235,Marcus,Ramos,Male,66,North Emilyton,643-304-7055x641,lawrencedickerson@example.com
236,Stephen,Jensen,Female,48,North Emilyton,+1-784-455-6798x48016,harveyamanda@example.net
237,Lisa,Bond,Male,52,Brianborough,(711)521-6125x9223,garciajeffrey@example.net
238,Christopher,Moore,Female,71,North Emilyton,+1-606-581-1482x2418,michelleherrera@example.net
239,Karina,Martin,Female,43,New Reneeport,+1-314-716-3353,cherylphillips@example.org
240,Charles,Dawson,Male,21,South Angelicaport,426.951.6269x183,igarza@example.net
241,Stephanie,Cruz,Female,41,West Joseberg,6812252455,shill@example.com
242,Stuart,Cervantes,Male,59,North Melissaside,(859)827-2874,james82@example.com
243,Susan,Terrell,Female,37,Port Denise,390.288.8934,daviskyle@example.net
244,Anthony,Scott,Female,53,South Angelicaport,937.409.0070x37145,blakecampos@example.net
245,Tonya,Todd,Male,33,West Joseberg,916.570.1685,amberrobles@example.net
246,Micheal,Navarro,Male,30,New Reneeport,906.783.2802x579,barrkaren@example.net
247,Mark,Brady,Female,49,West Joseberg,905-644-4858x42146,barbara79@example.com
248,Heather,Rivera,Female,69,Brianborough,877-748-4296x1736,gwilson@example.org
249,Dale,Myers,Male,77,South Angelicaport,3403791685,annawright@example.com
250,Jonathan,Levine,Female,79,North Emilyton,700.544.0033x5704,tannerbrewer@example.org
251,Benjamin,Hill,Female,73,West Joseberg,001-718-582-2573x52238,ethan50@example.net
252,Anthony,Lewis,Male,28,North Melissaside,457-784-4785x550,award@example.com
253,Lynn,Taylor,Male,28,South Angelicaport,(792)902-0344x03000,icross@example.com
254,Felicia,Burch,Female,28,Gilberthaven,3583973534,tinareyes@example.org
255,Morgan,Williams,Female,37,New Reneeport,+1-935-643-3186x7401,juliedillon@example.net
256,Maria,Alexander,Female,21,West Joseberg,(535)957-8582x648,denise30@example.com
257,Steven,Jones,Female,39,South Angelicaport,001-762-228-1070x761,john02@example.com
258,Lisa,Garcia,Female,48,New David,317-967-2151,hthompson@example.org
259,Dale,House,Male,52,New Reneeport,601-474-5172,mendozajane@example.org
260,Travis,Harvey,Female,67,Galvanstad,355-338-0920x3671,wagnerdaniel@example.org
261,Pamela,Jackson,Female,73,Brianborough,9706348748,nturner@example.org
262,Denise,Smith,Male,41,Brianborough,922.665.2691,dmartinez@example.com
263,Olivia,Hudson,Male,20,Galvanstad,+1-380-377-4270x21601,christina27@example.org
264,Ana,Snow,Male,20,Port Denise,(470)376-6582x23867,ebrown@example.net
265,Anthony,Hansen,Male,27,Gilberthaven,503-690-4339x17180,brettperez@example.net
266,Dylan,Nelson,Male,18,Galvanstad,+1-558-793-5908x210,ericksonheather@example.com
267,Faith,Jennings,Female,79,Brianborough,+1-782-331-3399x50512,jstokes@example.net
268,Ryan,Barber,Male,39,Galvanstad,001-377-601-6083x57462,michelle14@example.org
269,Isaac,Cooper,Female,71,Galvanstad,7633849474,xedwards@example.org
270,Andrew,Dominguez,Male,72,Port Denise,+1-493-903-6648,patrick87@example.org
271,Jessica,Scott,Female,75,North Melissaside,(759)702-5496x214,kevinlam@example.com
272,Jessica,Walker,Male,46,North Emilyton,001-442-704-7797x561,carmenlove@example.org
273,Eric,Gray,Female,55,Port Denise,556-218-6899,yramirez@example.net
274,Christopher,Jarvis,Male,28,South Angelicaport,983.976.3162x69229,lauramichael@example.net
275,Brett,Washington,Female,36,North Emilyton,6197236190,trujillomarcus@example.net
276,Clayton,Hill,Male,41,Galvanstad,(425)518-1439x1104,williambrewer@example.org
277,Jane,Flores,Male,36,Galvanstad,+1-919-658-0460x43192,veronicahiggins@example.net
278,Karen,Cox,Male,30,North Emilyton,285-258-1407x497,deandavid@example.com
279,Jeffrey,Beltran,Male,80,New David,749-388-5055x9878,kpage@example.net
280,Shannon,Stone,Female,40,Brianborough,001-707-442-3857x22523,arobinson@example.net
281,Amy,Stephens,Male,59,North Emilyton,+1-414-312-8316x801,lmcdaniel@example.com
282,Tara,Shaffer,Female,27,Galvanstad,541.956.4677x867,mooreglenn@example.com
283,Christopher,Patterson,Male,30,Brianborough,228-832-0209x444,sarahramirez@example.com
284,Daniel,West,Male,30,South Angelicaport,001-998-309-8318x1679,edwardsdaniel@example.com
285,Maria,French,Male,65,Brianborough,844-404-8117x32553,cabrerajill@example.net
286,Richard,Jarvis,Female,74,Gilberthaven,(632)354-0517,kingsamantha@example.net
287,Leslie,Gallegos,Female,38,Brianborough,(791)731-5661,davidjones@example.com
288,Michael,Howard,Female,20,New Reneeport,+1-714-684-5796x70961,casey48@example.net
289,Connie,Lewis,Male,39,West Joseberg,+1-328-566-8987x91698,stuart54@example.org
290,Nicolas,Kramer,Male,29,North Melissaside,001-466-603-7283x470,chapmantony@example.net
291,Vanessa,Wood,Male,60,New Reneeport,(920)556-2031,robertpeck@example.com
292,Victoria,Warner,Female,71,Gilberthaven,+1-421-566-3068x138,wweber@example.net
293,Mark,Dennis,Female,39,New Reneeport,439-718-5831x11406,zlewis@example.org
294,Brandon,Harper,Male,65,Brianborough,+1-471-682-8715x33050,anguyen@example.net
295,Jonathan,Mack,Female,54,South Angelicaport,001-830-346-8016,shelbynorman@example.com
296,Harry,Owens,Female,56,Brianborough,653.470.0414x8894,bakerderek@example.org
297,Thomas,Hobbs,Female,56,South Angelicaport,7178080190,rayapril@example.com
298,Matthew,Lang,Female,18,Galvanstad,+1-686-844-8820x911,iclements@example.org
299,Sherri,Harris,Male,30,West Joseberg,001-236-509-9966x22418,jack85@example.org
300,David,Bush,Male,71,Gilberthaven,315.824.1732x152,justin23@example.net
301,Timothy,Young,Female,80,Brianborough,001-777-485-9228,cquinn@example.com
302,Amanda,Perez,Female,39,Galvanstad,+1-494-233-0595x273,hgriffin@example.net
303,Jacqueline,Price,Male,32,Gilberthaven,(347)894-2892x839,crystal34@example.com
304,Angela,Jackson,Male,28,North Melissaside,354.625.3819,fbell@example.net
305,Elizabeth,Mendoza,Female,56,New Reneeport,001-663-605-9377x46878,gcampbell@example.net
306,Robert,Jackson,Male,29,North Emilyton,+1-270-259-7910x17524,bauerjonathan@example.org
307,Amanda,Hamilton,Male,44,Galvanstad,6422249329,caseysullivan@example.com
308,Sandra,Mcgee,Female,57,West Joseberg,+1-386-444-2306x42299,angela99@example.org
309,Carla,Day,Female,76,West Joseberg,698.917.5941x81409,sbender@example.com
310,Tiffany,Blankenship,Female,70,Brianborough,+1-240-759-6006x405,mccannroger@example.net
311,Bryan,Harmon,Female,72,Brianborough,+1-874-506-8600x640,rburton@example.org
312,Kimberly,Mitchell,Female,58,Brianborough,272-934-4446x734,matthewharper@example.net
313,David,Adams,Female,45,South Angelicaport,+1-414-879-5061,robertssharon@example.com
314,Carlos,Christensen,Male,27,Port Denise,001-263-793-0204x190,sherireyes@example.org
315,Jeffrey,Willis,Female,28,North Melissaside,9845175151,mcdonaldlaura@example.net
316,Sara,Daniels,Male,58,Gilberthaven,706.568.1222x2246,davidgiles@example.net
317,Joanna,Martin,Female,46,South Angelicaport,001-366-261-1130,slopez@example.com
318,Kenneth,Fox,Female,77,Gilberthaven,582.636.9419x7103,wilsonheather@example.org
319,David,Horton,Female,58,Galvanstad,001-864-799-4162x360,zcarlson@example.net
320,David,Martinez,Male,43,Brianborough,971-327-2948x5603,shahjames@example.net
321,Kevin,King,Female,80,North Melissaside,+1-789-918-1009x3329,alexis25@example.net
322,Ashley,Obrien,Female,22,Brianborough,880.283.6923x7642,leah49@example.com
323,David,Beltran,Male,51,Galvanstad,9702805140,karenherrera@example.net
324,Nicholas,Salazar,Female,72,Port Denise,(815)729-7096,leonardmary@example.org
325,Andrea,Woods,Female,54,New Reneeport,367-452-8895x8355,david39@example.com
326,Tammy,Klein,Female,45,West Joseberg,942-389-6322,kim51@example.net
327,Kelly,Bartlett,Male,54,Galvanstad,(475)349-7434x67603,hamiltonstephanie@example.org
328,Nicholas,May,Female,74,New Reneeport,833-400-6716,webbtrevor@example.net
329,Amy,Delgado,Male,31,Port Denise,001-872-351-6149x561,jennifer89@example.net
330,Sabrina,Stuart,Female,50,Brianborough,302.712.5488,myersmichael@example.net
331,Timothy,Davenport,Female,31,South Angelicaport,(512)600-5351x3274,bmartinez@example.net
332,Ryan,Garrett,Male,35,Brianborough,904.300.5888x4079,dkennedy@example.net
333,Cameron,Jones,Male,70,North Emilyton,244-901-0027x89281,ijones@example.org
334,James,Garcia,Male,38,New Reneeport,001-949-850-9047x97271,mcguiredavid@example.net
335,Joyce,Barnett,Female,27,West Joseberg,762-976-6092,andreajennings@example.com
336,Mark,Morris,Female,19,New Reneeport,384-495-9504x968,bfry@example.org
337,Jennifer,Lucero,Male,79,West Joseberg,554-544-5236x144,iguerrero@example.com
338,Frank,Alexander,Male,51,Brianborough,320-265-1846,audreyray@example.com
339,Alec,Lozano,Male,78,North Emilyton,276-619-5565,richard78@example.org
340,Bethany,Jenkins,Male,73,New Reneeport,001-967-417-7104x40727,heatherpatterson@example.net
341,David,Cole,Male,20,North Emilyton,(869)957-9672x1057,kathryn54@example.com
342,Makayla,Smith,Male,20,New David,4674321526,holtbrittany@example.org
343,Sheila,Ellis,Male,49,Brianborough,741-760-0021x642,danielle54@example.org
344,Thomas,King,Male,60,North Melissaside,+1-779-896-7299x04457,anne55@example.net
345,Kathleen,Trujillo,Male,45,Brianborough,(519)410-5072,jonesdavid@example.net
346,Kenneth,Larson,Male,34,Port Denise,001-301-784-7623x66202,april69@example.com
347,David,Jones,Female,69,New David,+1-444-528-8819x039,xforbes@example.org
348,Heather,Smith,Female,36,Brianborough,214.513.9135,claytonjohn@example.net
349,April,Waters,Female,26,Port Denise,(674)560-7398,lsmith@example.com
350,John,Davidson,Female,29,Gilberthaven,5652850951,ijacobs@example.org
351,Michael,Flores,Male,80,Galvanstad,(327)511-0735x460,jamesskinner@example.org
352,Anthony,Simpson,Female,31,North Emilyton,417.928.4937x48540,zmcconnell@example.com
353,Jeremiah,Booth,Female,40,New Reneeport,314-882-4781,johnwilliams@example.com
354,Crystal,Baker,Male,64,New Reneeport,(266)435-0001x529,dyoung@example.net
355,Jacob,Martinez,Male,31,Galvanstad,+1-899-853-1447x5044,julian48@example.org
356,Christine,Castillo,Male,52,New Reneeport,001-931-493-1819x3634,kimberlybrown@example.org
357,David,Bennett,Female,36,North Melissaside,001-884-633-2772,james66@example.com
358,Ryan,Rogers,Female,63,New David,+1-592-300-0701,sboyd@example.org
359,Andrea,Torres,Female,55,Galvanstad,001-755-261-1471x0681,ugray@example.org
360,Brian,Cain,Female,44,North Melissaside,843-766-1790x249,nstewart@example.com
361,Lisa,Vega,Male,77,North Melissaside,4752070900,jessicastevenson@example.net
362,Stephen,Rivers,Male,43,South Angelicaport,+1-984-389-5881,alexisclark@example.com
363,Melanie,Lowery,Female,59,Brianborough,399.723.1858x7000,wmorris@example.org
364,William,Sanchez,Male,79,Gilberthaven,(774)414-8043x49339,hayleywilson@example.com
365,Patricia,Rivas,Female,23,New David,490.324.2408x454,turnerdonna@example.com
366,Michael,Simon,Female,54,West Joseberg,921.524.3033x1625,shannon40@example.org
367,Tonya,Hunt,Female,28,New David,(462)265-4226,matthewthomas@example.net
368,Patrick,Curtis,Female,64,Gilberthaven,+1-446-428-6734,amanda31@example.org
369,Seth,Hall,Female,54,Brianborough,001-557-901-5207,tyler25@example.com
370,Daniel,Wiley,Female,28,North Melissaside,+1-702-872-4785x64930,rebecca90@example.org
371,Jeffrey,Moses,Female,77,South Angelicaport,721.789.5246x43291,gonzalesglenn@example.org
372,Ruben,Watson,Male,19,South Angelicaport,354-830-5219x553,natashasingh@example.net
373,Vickie,Conley,Male,77,North Melissaside,(541)503-2871,sweeneyclaire@example.com
374,Clinton,Lindsey,Female,66,New Reneeport,305-684-5843,turnerrichard@example.com
375,James,Peterson,Male,53,North Emilyton,+1-239-513-2685x3624,jeremysaunders@example.org
376,Jason,Harrison,Male,58,South Angelicaport,9125936161,marcusmclaughlin@example.org
377,Mark,Smith,Female,39,New David,655-431-9138x78266,gpark@example.org
378,Michelle,Lyons,Male,59,New Reneeport,383.522.5999x761,jeremiahmorgan@example.net
379,Robert,Miller,Male,52,Galvanstad,844-416-2602x764,scottparker@example.org
380,Eric,Dillon,Female,62,South Angelicaport,923.466.6007x83648,kimberly18@example.net
381,Dana,Murray,Female,63,West Joseberg,+1-227-730-3075x073,beasleychristina@example.com
382,Jessica,Poole,Female,73,Gilberthaven,4733379318,matthewsangela@example.net
383,Sarah,Benson,Male,70,Gilberthaven,(302)667-0529x8929,hahnderek@example.net
384,James,Gonzalez,Male,58,Brianborough,6763228054,taylor86@example.com
385,Dennis,Middleton,Male,57,Brianborough,596.886.8476,frazierjamie@example.com
386,Philip,Andrade,Male,24,Galvanstad,(454)526-1411,dgraves@example.org
387,James,Villegas,Female,25,Gilberthaven,001-977-493-1231,tammy36@example.com
388,Joseph,Scott,Male,40,Brianborough,001-857-624-7665x6820,longstephen@example.net
389,Sean,Campbell,Male,73,Port Denise,+1-415-734-8244x351,andreawillis@example.com
390,Thomas,Martinez,Male,78,South Angelicaport,001-750-501-1066x5763,samanthawebster@example.org
391,Jamie,Warner,Female,75,South Angelicaport,904.826.2240x934,bobbysavage@example.net
392,Charles,Mendoza,Male,36,Gilberthaven,337.783.4984,ncarr@example.com
393,Anthony,Brooks,Male,68,North Emilyton,(825)223-2258x2127,michael97@example.net
394,Amanda,Haley,Female,36,North Emilyton,001-984-792-0262x452,mjimenez@example.com
395,Karen,Garcia,Female,61,Port Denise,(496)400-0394,brennanchad@example.com
396,Scott,Guzman,Female,62,Gilberthaven,(510)772-8149x7043,timothy23@example.com
397,Joshua,Harmon,Male,64,North Melissaside,+1-722-230-8196x35047,acostajeffrey@example.org
398,Alexandra,Maynard,Female,79,New David,792.991.8409x235,jill32@example.net
399,Elizabeth,Spence,Female,31,New David,001-819-995-4195x432,cheryl20@example.net
400,Michael,Miller,Female,45,North Emilyton,249-739-8894x0780,grahamteresa@example.net
401,Gabrielle,Montgomery,Male,53,North Melissaside,403-582-7103,ulewis@example.net
402,Gregory,Peterson,Male,80,Brianborough,502.932.9335x263,iatkins@example.com
403,William,Barnes,Male,57,Galvanstad,890-660-5771,richardsondavid@example.com
404,Jason,Yates,Female,21,North Melissaside,001-343-313-2719x9900,rodriguezanna@example.org
405,Sharon,Smith,Male,18,Gilberthaven,(931)897-6832,reynoldsryan@example.com
406,Gina,Hatfield,Male,51,Gilberthaven,454.924.2324x94904,joseph63@example.net
407,Alexander,Daniels,Male,27,Brianborough,3407331697,richardherrera@example.com
408,John,Avila,Male,50,New Reneeport,+1-949-449-8641x200,greenemaxwell@example.com
409,Alex,Castaneda,Male,31,Gilberthaven,+1-911-491-0098x859,ryanpotts@example.net
410,Juan,Hawkins,Male,46,New Reneeport,001-447-424-0619x0026,thompsoncurtis@example.net
411,Joshua,Lewis,Male,38,Gilberthaven,(482)236-1447,henryreed@example.com
412,Amber,Patterson,Female,60,South Angelicaport,281.943.7774x20260,robertbeck@example.org
413,Jeffrey,Lester,Male,68,Brianborough,544-810-9802x65039,gregorynicholas@example.org
414,Richard,Mitchell,Male,23,New Reneeport,373-970-5073x51229,lauraellis@example.org
415,Michael,Arnold,Male,44,New David,321.636.0266x7411,qgarner@example.org
416,Michael,Finley,Male,45,New David,217.798.4431,jessicaking@example.org
417,Jill,Murphy,Female,52,Gilberthaven,256.755.8022x51522,cranejon@example.org
418,Helen,Bailey,Female,35,Galvanstad,(466)952-6721x1332,troy17@example.com
419,Wendy,King,Male,43,Gilberthaven,659.863.7605x907,fholt@example.net
420,Cynthia,Fernandez,Female,80,North Melissaside,(721)910-2093x682,anna33@example.net
421,Kathleen,Hamilton,Female,19,Gilberthaven,+1-634-365-5300x45543,justin83@example.com
422,Dillon,Harris,Female,48,New David,001-531-899-4202x946,jamesmccall@example.com
423,Dillon,Bryant,Male,48,North Melissaside,(329)731-1783x1072,zacharyvalenzuela@example.com
424,James,Jenkins,Male,71,North Emilyton,240.335.6458,dward@example.net
425,Cole,Khan,Female,66,Gilberthaven,001-531-491-5336,thompsonsteven@example.net
426,Peter,Schmidt,Male,62,North Melissaside,659-398-3497,amanda01@example.com
427,Jason,Russell,Male,57,New Reneeport,2967987866,diazrebecca@example.net
428,Barbara,Landry,Male,77,Gilberthaven,(682)444-0127x990,timothycarpenter@example.net
429,Michelle,Schmitt,Female,69,Brianborough,+1-591-918-4217x4828,cathy30@example.net
430,Yolanda,Brown,Female,54,North Emilyton,274-261-7276x41777,jenniferbarnes@example.net
431,Lance,Rivera,Male,41,Gilberthaven,993-612-2655x282,huntkevin@example.net
432,Ryan,Flores,Male,61,North Melissaside,001-250-340-7795x1094,yhughes@example.org
433,Beth,Phillips,Female,69,West Joseberg,445-590-8472x9637,jeffreyfrederick@example.com
434,Andres,Archer,Female,80,West Joseberg,719.744.7319x16553,christy13@example.org
435,Pamela,Thompson,Female,80,Port Denise,5766592744,rramos@example.org
436,Andrea,Lee,Female,28,New David,(733)551-9435,bradleyedward@example.com
437,Samuel,Foley,Male,62,North Melissaside,307.755.3032x5064,crystal12@example.net
438,Leah,Austin,Female,70,South Angelicaport,749.315.8116x40606,michaelreed@example.org
439,Monique,Benson,Female,32,New David,001-362-686-8810x253,rnelson@example.org
440,Stephanie,Franklin,Female,18,North Emilyton,791.941.5729x5634,robintaylor@example.org
441,Paula,Johnson,Female,66,North Melissaside,(838)960-7912x129,mwilson@example.com
442,Dustin,Stuart,Male,43,New Reneeport,001-759-510-2118,spencer61@example.com
443,Ryan,Green,Female,52,Port Denise,215.903.8078x738,lewispaul@example.com
444,David,Macias,Female,66,North Melissaside,9548504700,xsnyder@example.net
445,Bonnie,Cohen,Male,39,Galvanstad,988-424-0455,ddavila@example.org
446,Cristian,Mccoy,Male,18,Port Denise,+1-653-444-3759x40800,vgarcia@example.org
447,Matthew,Cortez,Female,58,Galvanstad,001-836-591-8767x194,mckaytimothy@example.net
448,David,Dennis,Male,63,North Melissaside,(687)502-9465,kellymark@example.net
449,Mark,Palmer,Female,51,West Joseberg,+1-816-315-8728x145,glennrodriguez@example.net
450,Sherry,Figueroa,Male,40,South Angelicaport,(875)645-8180x22847,jenniferyang@example.org
451,Duane,Morgan,Female,78,South Angelicaport,5432067935,stephen46@example.net
452,Thomas,Rivera,Male,55,New David,3282567326,christinecameron@example.net
453,Joanna,Olson,Female,55,Galvanstad,560-234-9820x060,watsonlarry@example.net
454,Xavier,Powell,Male,65,Gilberthaven,999.663.2666x0543,wwilliams@example.com
455,Natasha,Murphy,Male,66,Brianborough,001-263-581-4028x086,dennis30@example.com
456,Lindsay,Hickman,Male,62,West Joseberg,537.486.3258x217,ayersgregory@example.net
457,Caroline,Jones,Male,63,New Reneeport,(488)991-9325x0817,gary48@example.com
458,James,Stewart,Female,68,Port Denise,+1-645-364-1508,christina37@example.com
459,Melissa,Summers,Female,38,North Emilyton,001-463-286-0249,karenkelly@example.net
460,Chad,Anderson,Female,57,Gilberthaven,5064036985,ibrown@example.net
461,Patty,Carter,Female,52,North Emilyton,+1-300-636-8925x9156,julian29@example.org
462,Nathaniel,Chandler,Female,59,South Angelicaport,7502971906,kimeric@example.net
463,Lisa,Peck,Male,23,New Reneeport,8165060905,thompsonthomas@example.org
464,Theresa,Whitney,Female,60,South Angelicaport,648-557-4736x629,fward@example.net
465,Scott,Allen,Male,19,New Reneeport,6186532520,helen67@example.org
466,Lori,Gonzalez,Female,75,West Joseberg,735.566.1789x89843,tranmegan@example.net
467,John,Dyer,Male,63,West Joseberg,417-718-5829x3771,scottlarry@example.com
468,Christopher,Rush,Female,76,Galvanstad,537-718-0281x9888,rdavis@example.net
469,Tammy,Turner,Male,40,South Angelicaport,318-897-3543,lewisbriana@example.com
470,Scott,Olsen,Male,59,North Melissaside,402-782-1313x352,jennifernelson@example.net
471,James,Boyer,Male,75,West Joseberg,+1-785-259-0694x0148,lauren99@example.net
472,Anthony,Jones,Female,59,Brianborough,001-701-258-6931x850,annrivers@example.net
473,Michael,Brooks,Male,78,North Melissaside,(298)519-1852,walkerbrandon@example.com
474,Heidi,Allen,Male,58,New David,+1-915-453-4405x132,debra35@example.com
475,Jason,Harmon,Male,75,North Melissaside,932.894.1875,stacey55@example.com
476,Patricia,Silva,Male,19,Brianborough,001-206-977-8732x63557,brownjohn@example.net
477,Kathy,Guerrero,Female,56,Port Denise,8523546790,laura64@example.net
478,Monica,Thompson,Female,75,South Angelicaport,001-855-446-7624x845,ngonzalez@example.com
479,James,Mooney,Female,43,West Joseberg,001-729-723-1460,sanchezashley@example.net
480,Erika,Powers,Female,54,Port Denise,259-515-1972x8206,kellygarcia@example.org
481,Todd,Morgan,Male,19,New David,589-365-7564x6652,kjohnson@example.net
482,Lori,Fernandez,Female,52,South Angelicaport,514-934-4960x96790,melanie94@example.com
483,Samantha,Jackson,Male,58,North Emilyton,001-907-530-9337,tylerkevin@example.com
484,Kellie,Castro,Female,52,West Joseberg,536-306-3352x242,staciewalton@example.com
485,Michael,Nelson,Female,27,Galvanstad,001-555-424-8571x81816,potterdawn@example.com
486,Jacob,Higgins,Male,62,Port Denise,244.498.6065x2757,udavis@example.net
487,Marissa,Smith,Female,59,Galvanstad,289-477-0380x3140,ramirezjohn@example.org
488,Patricia,Lawrence,Male,70,Gilberthaven,975.247.4004x19927,andrewmartin@example.org
489,Darrell,Davis,Female,23,New Reneeport,(785)279-3832,anthonywright@example.com
490,Julie,Jenkins,Female,21,New Reneeport,691-538-5340,amy99@example.com
491,Brandy,Hale,Male,26,North Melissaside,700-390-4241x795,bbrown@example.com
492,Melanie,Moses,Male,48,South Angelicaport,3998199351,tammygoodman@example.com
493,Whitney,Robinson,Female,18,Galvanstad,+1-210-998-9690x335,christopher68@example.net
494,Shawn,Freeman,Female,23,Gilberthaven,(378)749-7065,harrelltanner@example.com
495,Jason,Gregory,Female,43,Galvanstad,587-277-6525,johnsonwilliam@example.com
496,Anthony,Davis,Female,46,South Angelicaport,236.519.1518,erin81@example.com
497,Kenneth,Adams,Male,71,Port Denise,(953)253-3319x362,gabriel37@example.org
498,Carl,Kelly,Male,56,North Emilyton,(695)408-2276x2055,smithkara@example.com
499,Erica,Griffin,Female,68,West Joseberg,001-416-417-6720,james47@example.com
500,Edward,Garcia,Male,34,Galvanstad,(275)490-6074x73502,williamsdiane@example.com
501,Kevin,Smith,Male,40,North Emilyton,+1-939-250-6927x1612,wendymcknight@example.com
502,Jason,King,Male,65,Port Denise,985-718-4585x167,fostercarol@example.com
503,Carl,Miller,Male,29,New Reneeport,(452)355-1465,aliciaflores@example.com
504,Tammy,Oconnor,Female,56,Galvanstad,(242)875-1809,megan13@example.com
505,Justin,Savage,Male,22,West Joseberg,001-874-783-8959x728,stephaniesummers@example.net
506,James,Ray,Female,32,New Reneeport,+1-601-378-4709x6563,danny58@example.org
507,Gabrielle,Wallace,Female,75,Brianborough,4979158272,wpierce@example.net
508,Kaylee,Montes,Male,48,North Emilyton,4174446860,guerrerobrittany@example.com
509,Heather,Lutz,Male,30,South Angelicaport,2654548447,raymondhall@example.org
510,Brianna,Henderson,Female,32,Brianborough,4823075133,jason62@example.net
511,Alan,Jones,Male,30,West Joseberg,5329704379,phillipsstephanie@example.net
512,Rachel,Evans,Male,59,Gilberthaven,562-338-9646x109,deanjoseph@example.com
513,Joseph,Chavez,Female,74,North Emilyton,682.863.1462x8413,daniel64@example.org
514,John,Pierce,Male,55,North Melissaside,+1-415-527-2524x13020,christianbrock@example.org
515,Louis,Bishop,Male,75,Galvanstad,(208)508-8479x226,kbarnes@example.com
516,John,Thompson,Male,49,Gilberthaven,656-976-6803,martincharles@example.org
517,Kara,Nixon,Female,36,New Reneeport,709.504.8752x883,ahansen@example.org
518,Maria,Adkins,Female,22,Brianborough,(700)653-3871,mary81@example.org
519,Madison,Williams,Male,35,Gilberthaven,517.595.2289,knightjoe@example.net
520,Connor,Martinez,Female,57,North Emilyton,(533)697-9297x7090,johnsontammy@example.net
521,Sean,Evans,Female,72,Galvanstad,572-330-5507,jennifer60@example.com
522,Andrew,Taylor,Female,41,Gilberthaven,001-890-631-3127x1657,tryan@example.org
523,Regina,Perez,Male,67,New Reneeport,887.942.5955x3165,vanessawoods@example.org
524,Paul,Kelly,Male,20,Port Denise,001-774-418-8254x761,hooverkaren@example.com
525,Michelle,Shannon,Female,43,Galvanstad,5108834111,seantaylor@example.org
526,Dean,Bradley,Male,26,Gilberthaven,(560)324-5557,erhodes@example.net
527,Courtney,Bowman,Female,23,South Angelicaport,765.316.4319x461,potterdaniel@example.com
528,Ronald,Nelson,Male,44,New Reneeport,970.404.7961x349,natalie28@example.org
529,Margaret,Jackson,Female,25,Galvanstad,001-233-389-5732x371,leetammy@example.com
530,Angela,Davis,Male,61,Port Denise,836.485.9059x5078,williambutler@example.net
531,April,Lindsey,Female,40,New David,484.756.6221,jenniferyang@example.com
532,Thomas,Olson,Female,43,Brianborough,(775)728-5237x8123,hernandezrobert@example.net
533,Dustin,Dennis,Male,19,North Melissaside,001-568-617-8013,benjamin75@example.net
534,Robert,Wise,Female,67,Gilberthaven,7969814819,linda88@example.net
535,Brian,Coleman,Female,39,South Angelicaport,(992)497-5820,rwilliams@example.net
536,Valerie,Friedman,Female,76,South Angelicaport,597.483.7013x430,odixon@example.net
537,Todd,Powers,Female,36,West Joseberg,551.847.2768,collinswhitney@example.org
538,James,Wilson,Male,69,South Angelicaport,(299)530-3805,lnichols@example.net
539,Victor,Green,Male,52,New Reneeport,478-421-4459x9415,larrygraves@example.com
540,Robert,Ramos,Female,32,North Melissaside,6413819929,willieparks@example.com
541,Karen,Wells,Male,27,North Emilyton,748-606-2593,brendasheppard@example.com
542,Elizabeth,Brown,Male,72,Brianborough,472.398.0669x0057,yrivera@example.org
543,Jonathan,Kim,Male,58,South Angelicaport,802.602.5649,reynoldsmichael@example.com
544,Rebecca,Patterson,Male,61,North Emilyton,+1-471-349-9660x451,larry94@example.net
545,Robert,Marsh,Female,79,North Melissaside,258-235-2316,kochjill@example.org
546,Lauren,Smith,Female,35,West Joseberg,326-462-8841x5080,jonesalexander@example.net
547,Christina,Diaz,Female,40,New Reneeport,924.340.0508,lindsey86@example.com
548,Thomas,Savage,Female,78,Gilberthaven,513.521.5164,hensonkimberly@example.net
549,Terri,Henderson,Male,56,New Reneeport,924-422-4058x0556,jacob18@example.com
550,Alexandra,Thornton,Male,39,Galvanstad,766-642-7065x6342,allison50@example.net
551,Barbara,Jones,Female,34,New Reneeport,7207591239,deborah67@example.com
552,Henry,Cameron,Male,32,Brianborough,(980)703-8035x7839,kyleboyd@example.org
553,Charles,Clark,Female,64,North Melissaside,(648)768-2223,dwright@example.com
554,Ashley,Alexander,Female,43,Galvanstad,752-380-2625x942,gmiller@example.org
555,David,Perkins,Female,18,North Melissaside,001-509-759-2646,rodney66@example.com
556,Benjamin,Cameron,Male,22,Gilberthaven,(496)334-3501x4062,jessica24@example.org
557,Margaret,Jacobs,Female,32,South Angelicaport,001-990-797-0944x004,peggy91@example.net
558,Thomas,Hayes,Male,36,South Angelicaport,(719)788-1760x010,weberpaul@example.org
559,Heather,Mcdaniel,Male,27,North Melissaside,+1-716-936-3524x87102,peckjessica@example.net
560,John,Moore,Female,22,Galvanstad,001-543-948-1723x942,braunchristopher@example.net
561,Michael,Sanchez,Female,40,West Joseberg,379-550-1158,dmoran@example.org
562,John,Barron,Female,78,South Angelicaport,(239)423-7977,colemanshannon@example.org
563,Jamie,Ford,Male,57,Port Denise,+1-395-222-5377x8664,andrewmcclain@example.com
564,Darren,Brown,Female,67,North Emilyton,304.371.0565x073,ashley98@example.com
565,Carlos,Stokes,Female,35,New David,+1-757-541-1933x0232,juan47@example.org
566,Natalie,Kennedy,Female,27,West Joseberg,457-906-8837x0307,garrettlinda@example.org
567,Amber,Choi,Male,72,North Melissaside,001-281-992-6180x39173,ywood@example.net
568,Cameron,Wilson,Female,48,Galvanstad,001-548-327-6286x16350,parkclarence@example.net
569,April,Sullivan,Female,53,New David,(852)245-3329,anicholson@example.org
570,Christie,Hughes,Male,39,South Angelicaport,207.952.1772x018,fishertammy@example.org
571,Robert,Herring,Male,53,North Melissaside,(862)834-9551,breyes@example.org
572,Kimberly,Webb,Female,72,North Melissaside,001-482-953-3454x852,perryho@example.org
573,Nathaniel,Smith,Female,65,West Joseberg,001-622-817-7847x653,simsmackenzie@example.net
574,Michael,Hill,Male,27,Gilberthaven,(908)306-3228,jose66@example.com
575,Alicia,Arellano,Female,54,North Melissaside,001-422-523-0628x35703,amanda08@example.org
576,Dennis,Brown,Female,40,North Melissaside,(245)413-8483x49446,denise93@example.net
577,Brady,Deleon,Female,69,North Emilyton,599-956-1869,theresagarcia@example.net
578,Billy,King,Male,33,North Melissaside,(534)723-1036x89677,druiz@example.com
579,Paige,Curtis,Male,73,New Reneeport,001-246-358-2986x51912,ggonzalez@example.com
580,Bailey,Martin,Male,42,West Joseberg,736.788.3955x14161,jeffrey63@example.org
581,Brooke,Bishop,Female,60,Port Denise,841-421-3180x07447,edwardsrandy@example.com
582,Paige,Foster,Female,61,New David,700-519-9826x4145,jenniferhall@example.org
583,Robert,Caldwell,Male,59,North Melissaside,465.265.5382x4520,daniel67@example.net
584,Christina,Pearson,Male,20,New Reneeport,+1-302-847-8780x155,leahstanley@example.org
585,Carrie,Hancock,Male,24,New David,533.881.6929x77103,davidyoung@example.com
586,Candice,Hall,Female,37,North Emilyton,514.800.3245x84558,belindanguyen@example.net
587,Ryan,Wright,Male,77,Brianborough,314-987-5356x30249,jane16@example.net
588,Katherine,Davidson,Female,79,Port Denise,001-916-318-2923,hbryant@example.com
589,Timothy,Sloan,Male,41,Port Denise,(752)386-8787,ryanmack@example.com
590,Lauren,King,Female,62,New Reneeport,001-974-919-3772,sampsonlaura@example.net
591,Andrew,Velez,Female,71,Brianborough,917-678-2999x8638,garciamary@example.com
592,Melvin,Scott,Male,47,New David,570.568.1941x63998,darmstrong@example.org
593,Savannah,Williams,Female,28,West Joseberg,539.355.4727x23751,brian03@example.org
594,Abigail,Smith,Male,20,North Melissaside,608.729.4768x84025,jjackson@example.net
595,Justin,Anderson,Female,44,Port Denise,616.680.4381,beanchloe@example.com
596,Laurie,Miller,Female,48,South Angelicaport,687.525.2926x8457,melanie98@example.net
597,Juan,Williams,Male,24,Port Denise,725.714.5120,roachkaren@example.com
598,Cristian,Stone,Male,78,Galvanstad,227.680.9622x661,taylorjohn@example.org
599,Darrell,Boyd,Male,60,South Angelicaport,538-825-9988x33421,wsexton@example.com
600,Brandy,Nolan,Female,71,North Emilyton,985-690-5876x78260,icarroll@example.com
601,Kathryn,Guzman,Male,40,New Reneeport,4966814728,morenorobert@example.com
602,Maureen,Castillo,Male,43,Port Denise,+1-645-629-9804,yvettegillespie@example.com
603,Kathleen,Willis,Male,75,West Joseberg,+1-213-283-2117,maryherrera@example.org
604,Jasmine,Bruce,Female,33,Galvanstad,(850)230-8546,erik20@example.org
605,Chelsea,Bell,Male,71,Gilberthaven,(277)330-9741x2987,ikrause@example.org
606,Caitlin,Humphrey,Female,42,Gilberthaven,240.315.8359x5363,shaun25@example.net
607,Keith,Willis,Male,34,South Angelicaport,+1-896-890-2415x869,wardchristopher@example.com
608,Malik,Miller,Female,35,West Joseberg,001-765-914-1250,tmorton@example.net
609,Paul,Moore,Male,44,West Joseberg,5347905862,catherineferguson@example.net
610,Brandon,King,Male,39,Brianborough,8765941924,adamwhite@example.net
611,Catherine,Brown,Female,27,North Emilyton,+1-863-529-1587,nunezstephanie@example.org
612,Elizabeth,Watkins,Male,50,South Angelicaport,771-801-0383,opetty@example.net
613,Brett,Ortiz,Male,60,Gilberthaven,7447147979,lunamariah@example.net
614,Linda,Smith,Female,54,North Melissaside,001-441-743-3207x48898,marie73@example.com
615,Jacob,Barnes,Female,57,Port Denise,268.528.7484,samanthagarcia@example.org
616,Aaron,Kelly,Female,36,New Reneeport,001-449-644-0521x0916,avilajavier@example.net
617,Scott,Taylor,Male,43,Port Denise,+1-641-351-2903x39554,pattersonpaul@example.net
618,Peter,Martin,Female,25,North Emilyton,+1-216-562-0405x93158,mcdonaldamy@example.org
619,Sarah,Fisher,Male,48,Galvanstad,(537)274-9630,ericmoore@example.com
620,Jessica,Garcia,Female,51,Gilberthaven,640.747.6397x615,ramirezcarrie@example.net
621,Rebecca,Ortiz,Male,31,Gilberthaven,(484)777-2092,lutzscott@example.com
622,Shaun,Martinez,Male,21,Port Denise,(546)929-6107,xcoffey@example.com
623,Michelle,Frey,Male,60,South Angelicaport,255-718-2503x9998,michaelburton@example.com
624,Gregory,Bailey,Male,67,West Joseberg,001-889-556-0273x31818,vnicholson@example.net
625,Chelsea,Bryant,Female,23,Brianborough,574.248.3040x40236,craigphillips@example.net
626,Mark,Reed,Male,65,Port Denise,(291)465-9569,michael42@example.net
627,Brian,Johnson,Male,22,South Angelicaport,+1-348-828-7927x27542,ajones@example.net
628,Matthew,Blankenship,Male,45,Galvanstad,(397)412-1660x1702,christopher71@example.net
629,Allison,Hunt,Female,35,Gilberthaven,(998)276-4444,yhansen@example.org
630,Travis,Rogers,Female,78,Galvanstad,458-952-2700x32929,diamond08@example.com
631,Jennifer,Velazquez,Female,23,Galvanstad,+1-477-951-5179x5612,ywatkins@example.net
632,Donna,Mcguire,Male,61,Gilberthaven,(379)227-1814x9303,wmartin@example.org
633,Sydney,Salazar,Female,79,West Joseberg,+1-231-273-6424x45595,cynthiacabrera@example.com
634,Vanessa,Wilson,Male,39,New David,765.511.5884,zbrown@example.net
635,William,Wolf,Male,76,North Emilyton,(329)465-2495x140,lmoses@example.com
636,Lisa,Kelly,Male,38,North Emilyton,001-370-750-2108x600,qcarr@example.org
637,Douglas,Allen,Female,43,New Reneeport,+1-668-522-3365x4040,rodriguezdylan@example.com
638,Joseph,Richard,Female,37,North Melissaside,001-377-275-7191x550,chanson@example.net
639,Patricia,Carter,Male,61,North Melissaside,644-599-9478,brendamckenzie@example.com
640,Hannah,Jarvis,Male,56,North Emilyton,450.899.1963x145,xmeyer@example.net
641,Maxwell,Lane,Male,27,North Emilyton,+1-718-555-5595,akelly@example.net
642,Kevin,Reed,Male,19,West Joseberg,2978764726,jessicaramsey@example.org
643,Matthew,Moore,Male,48,North Melissaside,001-753-861-4318,fischershawna@example.com
644,Emily,Fields,Female,30,Brianborough,001-792-304-6398,kayleehernandez@example.net
645,Michael,Richards,Male,61,West Joseberg,7372873495,griley@example.com
646,Julia,Pennington,Female,60,South Angelicaport,362-565-4840x1749,fredericknancy@example.net
647,Jeremy,Carlson,Female,30,South Angelicaport,6636837504,ginanavarro@example.org
648,Mark,Thomas,Female,28,Brianborough,+1-324-386-4929x91836,mistyvalentine@example.com
649,Martin,Reid,Female,52,Gilberthaven,809-210-2651x855,mossdiane@example.com
650,John,Keller,Female,60,South Angelicaport,688.839.7696,bennettrobert@example.org
651,Doris,Pierce,Female,72,Galvanstad,(220)356-6324,hermannoah@example.com
652,Richard,Willis,Female,69,West Joseberg,437-437-7979x42690,jenkinsbrian@example.org
653,Michele,Castro,Male,53,Galvanstad,001-986-234-5010x1569,norrisamanda@example.org
654,Melanie,Jackson,Female,73,Galvanstad,001-413-976-3194,lopezedward@example.org
655,Carlos,Jones,Male,24,North Emilyton,2383784491,ksmith@example.com
656,Alexandra,Shannon,Male,49,Gilberthaven,001-263-777-9945,sarah62@example.org
657,Jeffrey,Saunders,Male,55,South Angelicaport,2796898082,joseph85@example.org
658,Donald,Clark,Female,25,New David,472-507-3916x75472,carrillolevi@example.org
659,Susan,Lopez,Female,53,North Melissaside,514-936-8449,qcook@example.com
660,Daniel,Miller,Male,73,South Angelicaport,853-795-8562,ppacheco@example.net
661,Samuel,Snyder,Male,30,North Emilyton,001-446-230-4247,lopezkatie@example.com
662,Tony,Harris,Female,46,Brianborough,565.611.0789x29820,emilybarnes@example.com
663,Laura,Thomas,Female,70,Brianborough,(963)910-0729x44164,karinaparrish@example.net
664,Joseph,Brandt,Male,53,New David,+1-683-260-6898x689,jimmyoconnor@example.net
665,Teresa,Farley,Male,41,Port Denise,+1-785-433-0586x04578,zgregory@example.net
666,Gregory,Frank,Male,53,Brianborough,+1-668-448-7258,medinawilliam@example.com
667,Beth,Hartman,Female,19,South Angelicaport,743.515.0614,garciathomas@example.net
668,Kayla,Roach,Female,36,North Emilyton,+1-605-975-0037x45216,wongamber@example.org
669,Jennifer,Zimmerman,Male,78,New David,539-875-2781,marcus37@example.net
670,Bonnie,Graham,Female,20,Brianborough,487.524.4479x3278,fmendez@example.net
671,Brandy,Little,Male,33,South Angelicaport,478.444.5597x6429,mcconnellkyle@example.com
672,Alan,Gray,Male,52,West Joseberg,(488)711-1526,paynephillip@example.net
673,Margaret,Reed,Female,41,Galvanstad,711-934-7277x78550,hjohnson@example.org
674,Lisa,Sanchez,Male,62,North Emilyton,838.310.2465,rodney83@example.com
675,William,Patterson,Female,21,Gilberthaven,001-976-300-0834x6162,jenniferwolfe@example.com
676,Stephanie,Larson,Female,70,Brianborough,(892)941-1342,kevin61@example.org
677,Justin,Andrade,Male,65,Port Denise,+1-940-648-8983x268,erica96@example.org
678,Jennifer,Brown,Female,48,New Reneeport,(281)876-4676x91313,nicholascarter@example.com
679,Steven,Cooper,Female,30,Port Denise,959.995.6708,njimenez@example.com
680,Cameron,Smith,Male,38,Brianborough,001-793-631-3381x545,gtownsend@example.com
681,Alan,Price,Male,40,Galvanstad,696.281.3612x5289,knightrodney@example.net
682,Martin,Becker,Female,44,Galvanstad,698-756-2291,yboyd@example.net
683,Kristine,Jordan,Female,30,South Angelicaport,7003315010,cindy24@example.net
684,Mckenzie,Young,Male,45,North Emilyton,674-426-1358x3340,frank16@example.com
685,Joshua,Lozano,Male,29,New David,+1-358-237-8762x7851,dixonmikayla@example.org
686,Sarah,Carpenter,Female,41,Brianborough,637-336-2939,anthony45@example.com
687,Danielle,Dean,Female,79,Gilberthaven,(806)958-9490,bwood@example.org
688,Shirley,Patterson,Female,18,Port Denise,2236845495,bhensley@example.org
689,James,Daniels,Male,29,North Emilyton,001-354-758-5932,johngomez@example.org
690,Keith,Pierce,Male,71,North Emilyton,001-544-333-4991x93165,hmartin@example.net
691,Garrett,Michael,Male,47,Port Denise,464.785.8324,jeffreymann@example.com
692,Jeffrey,Webb,Male,28,North Melissaside,886-661-6722x29586,xbrown@example.net
693,Diana,Guerrero,Male,48,North Emilyton,+1-949-295-7282x969,grose@example.com
694,Pamela,Moreno,Male,72,Galvanstad,827-496-0375x0812,dawn23@example.com
695,Thomas,Wright,Female,54,West Joseberg,819-393-0703x231,npena@example.net
696,Carrie,Douglas,Female,22,South Angelicaport,367-570-9881,careymatthew@example.com
697,Ryan,Hubbard,Female,41,Galvanstad,552-554-7339x19476,salinasalison@example.com
698,Robert,Ramirez,Male,74,Gilberthaven,+1-938-566-1365x3282,nicolemartinez@example.org
699,Stephen,Carey,Female,28,Port Denise,+1-275-523-7774x23003,bcraig@example.net
700,Michael,Garcia,Male,34,New Reneeport,(808)961-1951x129,murraycory@example.org
701,Charles,Cooper,Female,77,West Joseberg,335-740-0505x65064,tannerjason@example.org
702,Craig,Smith,Female,28,North Emilyton,(593)893-7305,gregory27@example.net
703,Tony,Nelson,Male,22,New Reneeport,001-536-878-4344x8377,ystevens@example.net
704,Eric,Berry,Female,29,South Angelicaport,519.842.6235,usanchez@example.com
705,Thomas,Hanson,Male,44,Galvanstad,(465)842-0625x51621,kevin89@example.net
706,Ashley,Carr,Female,28,Brianborough,+1-801-245-5564x328,bwalker@example.net
707,Lisa,Johnson,Female,77,West Joseberg,(624)970-4123,allen20@example.net
708,Gerald,Mills,Female,57,North Emilyton,798.947.7448,reynoldscarolyn@example.org
709,Tyler,Moore,Male,58,Port Denise,(724)926-7385,kristin58@example.com
710,Jordan,Moore,Male,37,Galvanstad,651.885.3995x6840,ramirezruben@example.com
711,Jeffrey,Ruiz,Female,63,Galvanstad,001-296-936-7827x0303,bethanderson@example.net
712,David,Mata,Female,54,Gilberthaven,437-626-9748,megan63@example.net
713,Larry,Sullivan,Male,34,Galvanstad,264.332.9150,ushaffer@example.com
714,Christy,Little,Male,65,Gilberthaven,001-502-697-7916x952,valerie36@example.net
715,Tammy,Nguyen,Male,35,New David,850-728-5936,marysilva@example.com
716,Heidi,Rodriguez,Female,29,Port Denise,956-534-0233,karenpalmer@example.com
717,Lisa,Brown,Male,27,New David,+1-644-952-8068x54495,gmurphy@example.net
718,Michael,Gates,Female,66,New Reneeport,(442)538-8279x0250,valerie30@example.net
719,Victoria,Porter,Male,30,North Emilyton,001-891-557-4177x0324,dianaquinn@example.com
720,Jamie,Farrell,Male,57,South Angelicaport,454-406-1870,dyang@example.org
721,Kimberly,Mason,Female,76,Gilberthaven,3314711036,elizabeth66@example.org
722,Jennifer,Mendez,Male,33,New David,587-969-9057x600,oliviaacevedo@example.net
723,Matthew,Collier,Female,58,Port Denise,976-543-3823,ebony36@example.com
724,David,Jones,Male,50,New Reneeport,+1-656-229-8670x29902,kevinmoore@example.org
725,Kayla,Holt,Male,40,North Melissaside,+1-433-915-8842x216,danielanthony@example.com
726,Rebecca,Forbes,Female,20,New David,+1-297-243-4197x65315,galvanbrandon@example.net
727,Suzanne,Williamson,Male,60,South Angelicaport,750-314-4211x8281,michael25@example.com
728,Tina,Jones,Female,71,Gilberthaven,818-812-7202x5465,glen20@example.org
729,Steve,Fitzgerald,Male,66,New David,619-722-3826,ndavid@example.org
730,Kelly,Dixon,Female,55,New Reneeport,+1-463-986-7060x188,scott30@example.org
731,Brian,Wolfe,Female,43,North Melissaside,+1-217-449-4270x1604,millsjoshua@example.com
732,Holly,Carter,Female,22,Brianborough,542.743.7555x90507,leblanccourtney@example.net
733,Erik,Jones,Female,42,Port Denise,4245636658,kelseyferrell@example.com
734,Veronica,Green,Female,79,Port Denise,718-673-3406,baileymatthew@example.net
735,Johnny,Fisher,Male,37,Galvanstad,299-467-0553,fburke@example.org
736,Susan,Delgado,Female,19,West Joseberg,786.331.4274x82936,walterhines@example.net
737,James,Horton,Male,75,West Joseberg,+1-285-882-0030x78899,jeffreyhall@example.com
738,John,Baxter,Male,18,Port Denise,786.512.9604x817,allenbrittany@example.com
739,Cory,Williams,Male,41,North Melissaside,441.792.1412x4968,garciaclinton@example.org
740,Carol,Brown,Male,44,Gilberthaven,2784232826,mgray@example.org
741,Richard,Johns,Male,77,New Reneeport,(949)816-2783x256,ryanmoore@example.org
742,Bryan,Valencia,Female,80,Port Denise,952.911.2735x860,ronaldwright@example.com
743,Autumn,Weiss,Female,29,North Emilyton,855.455.5787,wadekenneth@example.com
744,Kyle,Farrell,Female,58,North Melissaside,5734659645,dsalas@example.net
745,Katie,Swanson,Male,20,New David,6426087906,joseph93@example.com
746,Christopher,Coleman,Male,27,Gilberthaven,956.453.4484x34448,matthewsdouglas@example.com
747,Mike,Vazquez,Female,24,Brianborough,824.569.3538,hansenrebecca@example.com
748,Ashley,Morris,Male,51,Gilberthaven,(959)947-9156x943,paul93@example.net
749,Rachel,Pitts,Male,56,New Reneeport,979.871.6048x7654,juanfloyd@example.net
750,Erik,Turner,Male,26,Port Denise,245-514-5001x674,johndavis@example.net
